packet_id,src,dest,created,delivered,latency,hops
1,19,28,1.0,12.0,11.0,10
3,18,28,3.0,15.0,12.0,11
10,39,42,10.0,15.0,5.0,4
2,12,27,2.0,19.0,17.0,16
16,5,6,16.0,19.0,3.0,2
15,12,18,15.0,23.0,8.0,7
14,54,0,14.0,25.0,11.0,11
8,20,34,8.0,28.0,20.0,19
0,33,2,0,31,31,30
9,54,10,9.0,31.0,22.0,21
22,37,48,22.0,35.0,13.0,12
21,41,53,21.0,37.0,16.0,15
19,48,5,19.0,38.0,19.0,18
4,11,45,4.0,40.0,36.0,35
7,52,22,7.0,41.0,34.0,33
18,13,37,18.0,42.0,24.0,25
11,52,24,11.0,47.0,36.0,35
36,48,56,36.0,50.0,14.0,15
24,21,50,24.0,52.0,28.0,30
45,35,40,45.0,52.0,7.0,6
50,10,9,50.0,53.0,3.0,2
49,53,51,49.0,53.0,4.0,3
13,36,16,13.0,54.0,41.0,41
43,18,21,43.0,54.0,11.0,10
29,58,20,29.0,55.0,26.0,25
17,27,1,17.0,57.0,40.0,41
39,10,31,39.0,60.0,21.0,22
6,17,12,6.0,60.0,54.0,56
33,27,50,33.0,60.0,27.0,28
5,50,45,5.0,61.0,56.0,56
37,43,4,37.0,68.0,31.0,30
25,27,12,25.0,68.0,43.0,46
12,31,29,12.0,69.0,57.0,59
27,36,19,27.0,69.0,42.0,46
40,12,41,40.0,69.0,29.0,32
20,43,28,20.0,70.0,50.0,50
26,34,13,26.0,71.0,45.0,48
48,57,18,48.0,72.0,24.0,26
23,11,0,23.0,73.0,50.0,50
56,25,40,56.0,77.0,21.0,24
47,7,27,47.0,79.0,32.0,31
66,20,23,66.0,81.0,15.0,14
38,4,36,38.0,81.0,43.0,45
31,36,14,31.0,82.0,51.0,53
30,56,50,30.0,82.0,52.0,55
59,55,15,59.0,84.0,25.0,25
69,58,3,69.0,86.0,17.0,16
58,23,32,58.0,87.0,29.0,30
34,12,7,34.0,90.0,56.0,58
41,50,21,41.0,92.0,51.0,52
28,33,29,28.0,94.0,66.0,69
46,39,17,46.0,95.0,49.0,51
57,25,49,57.0,95.0,38.0,41
77,4,9,77.0,96.0,19.0,20
65,40,57,65.0,97.0,32.0,32
86,49,41,86.0,99.0,13.0,13
95,57,54,95.0,100.0,5.0,4
52,27,11,52.0,100.0,48.0,51
51,37,21,51.0,101.0,50.0,53
83,43,55,83.0,102.0,19.0,19
54,5,44,54.0,102.0,48.0,52
61,33,5,61.0,104.0,43.0,43
75,42,7,75.0,104.0,29.0,28
60,45,20,60.0,104.0,44.0,46
62,41,12,62.0,105.0,43.0,46
44,56,35,44.0,110.0,66.0,68
90,0,5,90.0,110.0,20.0,24
80,26,42,80.0,111.0,31.0,31
72,6,40,72.0,113.0,41.0,41
67,34,15,67.0,116.0,49.0,56
55,8,58,55.0,117.0,62.0,65
76,23,5,76.0,119.0,43.0,47
64,41,28,64.0,120.0,56.0,62
116,39,36,116.0,121.0,5.0,4
108,37,49,108.0,124.0,16.0,15
84,57,19,84.0,124.0,40.0,43
63,52,48,63.0,125.0,62.0,63
118,54,47,118.0,126.0,8.0,8
78,11,38,78.0,127.0,49.0,50
79,25,2,79.0,127.0,48.0,50
98,18,44,98.0,129.0,31.0,31
74,25,20,74.0,129.0,55.0,60
110,6,16,110.0,129.0,19.0,19
106,54,57,106.0,130.0,24.0,24
71,31,24,71.0,130.0,59.0,64
82,13,29,82.0,132.0,50.0,49
73,17,12,73.0,132.0,59.0,62
97,56,14,97.0,132.0,35.0,35
104,55,3,104.0,134.0,30.0,31
101,40,44,101.0,135.0,34.0,37
113,24,36,113.0,136.0,23.0,23
100,24,54,100.0,137.0,37.0,37
107,28,39,107.0,137.0,30.0,30
92,54,23,92.0,138.0,46.0,48
89,15,57,89.0,138.0,49.0,49
99,17,53,99.0,140.0,41.0,41
96,32,1,96.0,140.0,44.0,46
131,40,41,131.0,147.0,16.0,16
128,47,48,128.0,148.0,20.0,20
124,15,18,124.0,148.0,24.0,26
88,37,30,88.0,150.0,62.0,66
144,25,23,144.0,151.0,7.0,7
94,8,43,94.0,153.0,59.0,64
125,43,51,125.0,155.0,30.0,31
91,35,29,91.0,155.0,64.0,67
120,43,55,120.0,157.0,37.0,37
151,14,9,151.0,158.0,7.0,6
153,21,15,153.0,161.0,8.0,7
102,1,33,102.0,161.0,59.0,63
146,33,18,146.0,162.0,16.0,16
129,20,50,129.0,162.0,33.0,33
135,56,23,135.0,165.0,30.0,30
115,48,15,115.0,166.0,51.0,54
156,4,6,156.0,166.0,10.0,9
123,19,59,123.0,166.0,43.0,43
137,2,32,137.0,168.0,31.0,31
114,12,59,114.0,173.0,59.0,64
112,6,51,112.0,173.0,61.0,62
139,24,44,139.0,174.0,35.0,35
159,35,48,159.0,176.0,17.0,18
136,26,54,136.0,178.0,42.0,43
170,45,37,170.0,179.0,9.0,9
145,6,39,145.0,179.0,34.0,34
162,1,9,162.0,179.0,17.0,17
133,56,32,133.0,180.0,47.0,49
132,14,2,132.0,180.0,48.0,51
167,39,27,167.0,181.0,14.0,13
126,45,29,126.0,181.0,55.0,57
130,16,6,130.0,182.0,52.0,55
127,48,40,127.0,184.0,57.0,57
141,16,53,141.0,185.0,44.0,44
138,48,30,138.0,186.0,48.0,49
140,3,49,140.0,187.0,47.0,47
168,34,18,168.0,188.0,20.0,19
161,43,53,161.0,189.0,28.0,27
147,3,43,147.0,189.0,42.0,43
149,19,40,149.0,190.0,41.0,40
142,13,59,142.0,193.0,51.0,51
183,16,8,183.0,194.0,11.0,11
134,38,14,134.0,194.0,60.0,59
143,45,32,143.0,196.0,53.0,54
154,48,32,154.0,198.0,44.0,47
173,2,23,173.0,200.0,27.0,28
157,55,38,157.0,200.0,43.0,44
177,0,17,177.0,201.0,24.0,24
194,14,6,194.0,204.0,10.0,9
174,36,50,174.0,204.0,30.0,29
190,39,50,190.0,206.0,16.0,16
165,25,37,165.0,207.0,42.0,45
193,26,33,193.0,209.0,16.0,16
175,23,30,175.0,210.0,35.0,38
150,40,26,150.0,212.0,62.0,63
189,24,39,189.0,213.0,24.0,24
209,5,1,209.0,214.0,5.0,5
163,6,48,163.0,216.0,53.0,53
155,14,8,155.0,219.0,64.0,67
160,16,0,160.0,219.0,59.0,61
178,0,33,178.0,221.0,43.0,42
179,4,31,179.0,221.0,42.0,42
186,50,25,186.0,223.0,37.0,36
197,50,14,197.0,224.0,27.0,29
204,25,40,204.0,224.0,20.0,20
210,32,39,210.0,225.0,15.0,14
180,2,36,180.0,228.0,48.0,47
192,21,53,192.0,229.0,37.0,39
166,45,27,166.0,229.0,63.0,63
222,0,52,222.0,230.0,8.0,9
211,41,57,211.0,231.0,20.0,19
158,28,14,158.0,231.0,73.0,73
198,50,20,198.0,233.0,35.0,35
226,4,0,226.0,233.0,7.0,7
191,16,28,191.0,234.0,43.0,43
202,48,15,202.0,236.0,34.0,34
219,51,52,219.0,237.0,18.0,18
196,58,30,196.0,238.0,42.0,41
184,0,45,184.0,239.0,55.0,54
181,49,39,181.0,239.0,58.0,57
200,26,1,200.0,240.0,40.0,42
185,0,45,185.0,241.0,56.0,56
237,10,6,237.0,243.0,6.0,5
187,2,39,187.0,243.0,56.0,56
240,32,37,240.0,247.0,7.0,6
218,31,49,218.0,247.0,29.0,29
206,6,18,206.0,247.0,41.0,43
214,7,32,214.0,251.0,37.0,36
203,0,27,203.0,251.0,48.0,50
217,42,8,217.0,251.0,34.0,35
208,33,15,208.0,252.0,44.0,47
201,37,33,201.0,254.0,53.0,57
212,47,24,212.0,255.0,43.0,44
232,4,12,232.0,257.0,25.0,25
205,4,33,205.0,259.0,54.0,60
250,18,23,250.0,260.0,10.0,10
241,6,27,241.0,266.0,25.0,24
261,57,54,261.0,266.0,5.0,4
215,1,26,215.0,267.0,52.0,54
239,33,0,239.0,267.0,28.0,28
245,44,5,245.0,268.0,23.0,26
249,48,4,249.0,272.0,23.0,25
270,48,50,270.0,274.0,4.0,5
247,29,46,247.0,274.0,27.0,26
253,27,40,253.0,275.0,22.0,24
244,27,56,244.0,275.0,31.0,34
246,7,14,246.0,275.0,29.0,28
221,56,30,221.0,276.0,55.0,57
248,35,54,248.0,277.0,29.0,28
207,17,3,207.0,277.0,70.0,71
252,26,48,252.0,277.0,25.0,25
265,29,39,265.0,277.0,12.0,11
254,17,34,254.0,278.0,24.0,24
213,52,48,213.0,279.0,66.0,69
224,38,30,224.0,280.0,56.0,57
223,48,34,223.0,282.0,59.0,61
277,14,7,277.0,286.0,9.0,8
228,44,34,228.0,286.0,58.0,59
272,50,1,272.0,287.0,15.0,14
278,46,53,278.0,287.0,9.0,10
282,31,26,282.0,288.0,6.0,6
251,14,46,251.0,288.0,37.0,37
236,25,18,236.0,289.0,53.0,54
258,27,28,258.0,290.0,32.0,36
275,3,8,275.0,290.0,15.0,14
288,41,42,288.0,291.0,3.0,2
230,9,2,230.0,295.0,65.0,66
242,38,34,242.0,297.0,55.0,57
233,4,46,233.0,300.0,67.0,71
238,56,45,238.0,303.0,65.0,66
235,4,47,235.0,303.0,68.0,70
295,46,51,295.0,304.0,9.0,8
263,10,38,263.0,305.0,42.0,43
286,47,0,286.0,306.0,20.0,20
259,45,31,259.0,308.0,49.0,53
267,3,38,267.0,311.0,44.0,46
266,59,33,266.0,316.0,50.0,51
257,29,20,257.0,316.0,59.0,60
301,10,12,301.0,318.0,17.0,17
256,16,58,256.0,318.0,62.0,63
292,54,9,292.0,319.0,27.0,28
315,44,40,315.0,319.0,4.0,5
271,35,20,271.0,320.0,49.0,48
280,44,18,280.0,320.0,40.0,43
287,48,12,287.0,320.0,33.0,33
319,19,22,319.0,324.0,5.0,4
268,20,56,268.0,324.0,56.0,59
260,23,1,260.0,325.0,65.0,69
322,48,47,322.0,325.0,3.0,2
281,16,44,281.0,325.0,44.0,47
289,29,4,289.0,326.0,37.0,38
302,39,52,302.0,328.0,26.0,28
291,34,58,291.0,330.0,39.0,39
307,8,26,307.0,330.0,23.0,23
285,59,42,285.0,331.0,46.0,48
279,46,35,279.0,333.0,54.0,54
321,30,18,321.0,334.0,13.0,13
284,14,52,284.0,336.0,52.0,53
274,15,59,274.0,337.0,63.0,65
296,52,24,296.0,338.0,42.0,43
332,33,30,332.0,338.0,6.0,6
276,56,51,276.0,338.0,62.0,64
300,11,50,300.0,343.0,43.0,46
293,46,31,293.0,343.0,50.0,50
330,50,55,330.0,344.0,14.0,14
273,21,11,273.0,344.0,71.0,75
340,48,45,340.0,344.0,4.0,4
290,23,18,290.0,347.0,57.0,60
336,1,10,336.0,347.0,11.0,12
303,39,8,303.0,348.0,45.0,46
349,7,6,349.0,352.0,3.0,2
297,25,3,297.0,353.0,56.0,61
318,40,13,318.0,355.0,37.0,38
333,0,21,333.0,358.0,25.0,26
299,48,37,299.0,359.0,60.0,64
358,25,24,358.0,360.0,2.0,2
317,20,54,317.0,361.0,44.0,45
344,56,2,344.0,363.0,19.0,19
313,23,4,313.0,363.0,50.0,50
335,56,21,335.0,365.0,30.0,30
360,38,34,360.0,366.0,6.0,5
309,55,51,309.0,367.0,58.0,59
342,58,13,342.0,367.0,25.0,28
306,38,16,306.0,368.0,62.0,67
311,36,12,311.0,368.0,57.0,59
323,51,24,323.0,369.0,46.0,46
312,11,56,312.0,373.0,61.0,64
320,5,56,320.0,375.0,55.0,58
337,55,29,337.0,375.0,38.0,39
308,22,6,308.0,375.0,67.0,69
345,55,13,345.0,376.0,31.0,31
334,29,3,334.0,376.0,42.0,43
338,4,26,338.0,376.0,38.0,39
326,16,51,326.0,377.0,51.0,52
310,25,12,310.0,377.0,67.0,70
324,31,53,324.0,377.0,53.0,55
375,2,3,375.0,380.0,5.0,4
353,58,0,353.0,380.0,27.0,29
363,16,24,363.0,384.0,21.0,21
352,23,42,352.0,386.0,34.0,36
374,5,13,374.0,386.0,12.0,11
350,41,46,350.0,388.0,38.0,40
343,40,21,343.0,391.0,48.0,50
377,40,27,377.0,391.0,14.0,14
329,14,57,329.0,391.0,62.0,62
327,21,4,327.0,392.0,65.0,66
357,39,41,357.0,393.0,36.0,37
355,42,3,355.0,393.0,38.0,38
368,42,45,368.0,395.0,27.0,26
393,34,30,393.0,398.0,5.0,5
367,37,54,367.0,400.0,33.0,32
392,39,32,392.0,400.0,8.0,8
351,8,42,351.0,400.0,49.0,51
341,20,5,341.0,401.0,60.0,60
356,44,56,356.0,404.0,48.0,47
354,7,38,354.0,404.0,50.0,50
380,2,26,380.0,405.0,25.0,25
398,30,32,398.0,406.0,8.0,7
347,48,31,347.0,406.0,59.0,58
365,0,27,365.0,408.0,43.0,46
404,2,3,404.0,409.0,5.0,4
339,27,18,339.0,409.0,70.0,72
402,42,44,402.0,410.0,8.0,7
388,14,20,388.0,413.0,25.0,27
376,3,30,376.0,413.0,37.0,38
346,46,18,346.0,415.0,69.0,69
366,17,3,366.0,417.0,51.0,51
405,33,40,405.0,418.0,13.0,12
373,57,43,373.0,419.0,46.0,47
383,15,48,383.0,420.0,37.0,36
382,11,35,382.0,420.0,38.0,37
384,24,50,384.0,420.0,36.0,35
385,55,27,385.0,428.0,43.0,43
387,5,39,387.0,428.0,41.0,41
364,52,31,364.0,430.0,66.0,66
381,18,6,381.0,434.0,53.0,53
379,51,31,379.0,434.0,55.0,55
390,54,25,390.0,434.0,44.0,44
369,26,19,369.0,434.0,65.0,66
396,55,9,396.0,435.0,39.0,39
386,11,49,386.0,435.0,49.0,51
378,48,13,378.0,435.0,57.0,56
408,30,57,408.0,437.0,29.0,28
421,30,40,421.0,441.0,20.0,19
394,58,26,394.0,443.0,49.0,49
391,49,33,391.0,444.0,53.0,53
397,25,50,397.0,445.0,48.0,48
413,45,58,413.0,446.0,33.0,32
431,16,20,431.0,446.0,15.0,15
389,28,23,389.0,447.0,58.0,58
422,46,1,422.0,451.0,29.0,28
401,10,48,401.0,453.0,52.0,51
415,12,36,415.0,455.0,40.0,41
423,3,9,423.0,455.0,32.0,31
425,32,48,425.0,457.0,32.0,31
447,31,34,447.0,457.0,10.0,10
434,47,59,434.0,458.0,24.0,29
429,8,9,429.0,461.0,32.0,34
407,1,57,407.0,462.0,55.0,57
411,2,32,411.0,462.0,51.0,51
437,31,49,437.0,464.0,27.0,27
449,9,14,449.0,464.0,15.0,14
436,13,22,436.0,466.0,30.0,30
400,39,32,400.0,466.0,66.0,66
445,56,5,445.0,467.0,22.0,24
419,21,37,419.0,469.0,50.0,51
414,19,15,414.0,469.0,55.0,57
432,12,46,432.0,473.0,41.0,41
471,4,2,471.0,474.0,3.0,3
435,45,16,435.0,476.0,41.0,44
420,54,41,420.0,481.0,61.0,60
451,29,0,451.0,483.0,32.0,34
438,36,17,438.0,485.0,47.0,50
473,25,14,473.0,486.0,13.0,12
426,9,47,426.0,489.0,63.0,63
444,4,33,444.0,489.0,45.0,46
477,2,8,477.0,490.0,13.0,13
455,27,43,455.0,491.0,36.0,35
460,38,1,460.0,493.0,33.0,34
439,0,18,439.0,493.0,54.0,57
474,2,14,474.0,494.0,20.0,19
482,36,24,482.0,495.0,13.0,13
442,19,50,442.0,495.0,53.0,56
465,46,3,465.0,497.0,32.0,32
479,55,59,479.0,497.0,18.0,17
430,3,43,430.0,497.0,67.0,71
454,54,28,454.0,501.0,47.0,51
476,9,20,476.0,502.0,26.0,26
470,18,41,470.0,505.0,35.0,36
500,35,29,500.0,508.0,8.0,7
475,59,22,475.0,509.0,34.0,38
468,12,52,468.0,511.0,43.0,45
485,51,6,485.0,512.0,27.0,28
459,44,25,459.0,514.0,55.0,56
484,42,59,484.0,514.0,30.0,30
508,38,33,508.0,514.0,6.0,6
450,12,54,450.0,515.0,65.0,67
463,30,14,463.0,516.0,53.0,55
446,57,52,446.0,517.0,71.0,72
493,32,35,493.0,518.0,25.0,26
464,33,23,464.0,519.0,55.0,57
517,9,7,517.0,520.0,3.0,3
452,8,51,452.0,522.0,70.0,74
487,37,49,487.0,524.0,37.0,37
457,28,16,457.0,524.0,67.0,71
492,16,34,492.0,525.0,33.0,35
462,8,51,462.0,528.0,66.0,66
520,6,9,520.0,529.0,9.0,10
488,43,1,488.0,532.0,44.0,47
480,35,3,480.0,532.0,52.0,53
469,32,18,469.0,532.0,63.0,69
491,28,51,491.0,532.0,41.0,40
511,5,21,511.0,533.0,22.0,23
509,35,39,509.0,534.0,25.0,25
505,14,30,505.0,535.0,30.0,31
503,9,38,503.0,535.0,32.0,34
506,2,20,506.0,535.0,29.0,33
472,22,57,472.0,536.0,64.0,64
498,58,15,498.0,536.0,38.0,40
523,40,49,523.0,540.0,17.0,16
483,3,37,483.0,540.0,57.0,59
478,36,18,478.0,542.0,64.0,67
499,44,54,499.0,542.0,43.0,45
481,58,43,481.0,542.0,61.0,64
512,15,29,512.0,546.0,34.0,35
534,56,6,534.0,547.0,13.0,13
519,54,16,519.0,548.0,29.0,31
496,37,4,496.0,549.0,53.0,56
530,19,24,530.0,554.0,24.0,24
539,42,52,539.0,555.0,16.0,15
553,50,47,553.0,558.0,5.0,4
542,53,1,542.0,560.0,18.0,17
531,32,38,531.0,560.0,29.0,33
516,26,50,516.0,561.0,45.0,47
515,8,43,515.0,561.0,46.0,48
522,56,29,522.0,563.0,41.0,42
524,11,38,524.0,564.0,40.0,42
507,19,55,507.0,564.0,57.0,61
526,10,39,526.0,566.0,40.0,42
540,18,29,540.0,567.0,27.0,26
557,6,8,557.0,568.0,11.0,11
525,42,4,525.0,569.0,44.0,43
533,22,48,533.0,572.0,39.0,43
567,31,27,567.0,573.0,6.0,5
514,34,7,514.0,574.0,60.0,60
529,48,22,529.0,575.0,46.0,49
527,50,31,527.0,575.0,48.0,50
528,41,0,528.0,575.0,47.0,46
537,54,27,537.0,575.0,38.0,42
565,22,13,565.0,576.0,11.0,10
521,31,4,521.0,577.0,56.0,58
535,10,41,535.0,577.0,42.0,42
510,54,36,510.0,578.0,68.0,69
571,54,56,571.0,581.0,10.0,9
544,14,30,544.0,582.0,38.0,39
518,22,3,518.0,582.0,64.0,68
543,9,35,543.0,585.0,42.0,41
550,51,8,550.0,585.0,35.0,34
541,5,48,541.0,587.0,46.0,46
572,25,32,572.0,590.0,18.0,20
532,48,45,532.0,591.0,59.0,62
546,4,31,546.0,591.0,45.0,48
568,35,44,568.0,592.0,24.0,24
549,5,42,549.0,596.0,47.0,50
569,22,28,569.0,599.0,30.0,31
581,3,14,581.0,600.0,19.0,20
538,20,10,538.0,600.0,62.0,63
561,36,3,561.0,600.0,39.0,42
577,2,18,577.0,602.0,25.0,25
547,31,15,547.0,603.0,56.0,57
551,7,36,551.0,603.0,52.0,56
560,34,14,560.0,608.0,48.0,49
575,42,8,575.0,608.0,33.0,35
604,44,42,604.0,608.0,4.0,3
564,2,45,564.0,609.0,45.0,50
583,49,13,583.0,611.0,28.0,29
552,38,36,552.0,613.0,61.0,67
595,8,12,595.0,614.0,19.0,19
555,36,0,555.0,616.0,61.0,65
606,40,42,606.0,618.0,12.0,11
576,28,52,576.0,618.0,42.0,41
556,43,27,556.0,618.0,62.0,65
589,9,23,589.0,619.0,30.0,31
597,49,6,597.0,620.0,23.0,22
586,47,18,586.0,621.0,35.0,34
574,1,51,574.0,621.0,47.0,51
559,48,41,559.0,622.0,63.0,64
584,37,13,584.0,622.0,38.0,39
578,27,57,578.0,625.0,47.0,49
558,22,3,558.0,625.0,67.0,68
591,29,46,591.0,629.0,38.0,42
631,14,12,631.0,634.0,3.0,3
628,7,9,628.0,635.0,7.0,7
620,22,27,620.0,636.0,16.0,16
621,21,27,621.0,638.0,17.0,17
590,23,53,590.0,639.0,49.0,53
582,6,59,582.0,641.0,59.0,60
614,47,5,614.0,641.0,27.0,27
638,43,40,638.0,642.0,4.0,4
601,0,24,601.0,642.0,41.0,41
618,42,45,618.0,643.0,25.0,26
585,17,13,585.0,645.0,60.0,63
613,37,54,613.0,646.0,33.0,36
598,35,12,598.0,646.0,48.0,48
593,23,2,593.0,650.0,57.0,62
616,32,51,616.0,650.0,34.0,36
615,41,55,615.0,651.0,36.0,39
596,56,44,596.0,651.0,55.0,55
642,56,47,642.0,651.0,9.0,10
599,35,13,599.0,651.0,52.0,55
634,19,25,634.0,653.0,19.0,21
592,6,50,592.0,654.0,62.0,63
651,51,50,651.0,654.0,3.0,2
623,38,40,623.0,655.0,32.0,35
611,43,17,611.0,657.0,46.0,47
653,6,8,653.0,659.0,6.0,5
637,21,31,637.0,660.0,23.0,23
609,36,6,609.0,660.0,51.0,53
640,49,57,640.0,660.0,20.0,21
605,4,43,605.0,662.0,57.0,58
600,8,49,600.0,662.0,62.0,62
650,0,12,650.0,663.0,13.0,13
635,37,56,635.0,667.0,32.0,32
629,52,26,629.0,668.0,39.0,41
641,16,39,641.0,670.0,29.0,30
636,43,47,636.0,670.0,34.0,35
624,35,53,624.0,670.0,46.0,47
639,3,26,639.0,670.0,31.0,32
645,8,28,645.0,673.0,28.0,29
602,34,24,602.0,673.0,71.0,73
666,33,27,666.0,674.0,8.0,7
633,30,6,633.0,674.0,41.0,41
657,46,0,657.0,675.0,18.0,17
658,11,27,658.0,679.0,21.0,23
670,57,4,670.0,681.0,11.0,10
627,45,20,627.0,681.0,54.0,54
632,58,26,632.0,682.0,50.0,51
643,46,17,643.0,683.0,40.0,40
680,35,34,680.0,683.0,3.0,2
677,55,50,677.0,683.0,6.0,6
674,53,1,674.0,684.0,10.0,9
664,8,22,664.0,685.0,21.0,21
663,19,41,663.0,690.0,27.0,29
648,38,56,648.0,691.0,43.0,45
665,32,50,665.0,692.0,27.0,27
683,8,15,683.0,693.0,10.0,10
673,49,56,673.0,693.0,20.0,22
652,42,14,652.0,694.0,42.0,43
681,8,19,681.0,695.0,14.0,14
630,23,12,630.0,696.0,66.0,68
679,44,49,679.0,697.0,18.0,20
682,4,16,682.0,698.0,16.0,15
661,33,0,661.0,698.0,37.0,40
687,0,3,687.0,699.0,12.0,12
654,36,14,654.0,702.0,48.0,49
656,2,51,656.0,704.0,48.0,50
647,42,19,647.0,705.0,58.0,58
659,17,59,659.0,705.0,46.0,47
644,31,15,644.0,705.0,61.0,65
672,27,50,672.0,707.0,35.0,36
688,5,8,688.0,708.0,20.0,20
686,24,44,686.0,708.0,22.0,21
676,22,45,676.0,710.0,34.0,34
662,57,43,662.0,712.0,50.0,51
668,29,4,668.0,714.0,46.0,46
694,16,36,694.0,715.0,21.0,21
697,13,20,697.0,716.0,19.0,18
703,11,21,703.0,719.0,16.0,15
669,0,53,669.0,723.0,54.0,58
702,28,41,702.0,726.0,24.0,24
693,0,25,693.0,727.0,34.0,34
691,44,2,691.0,728.0,37.0,39
667,48,37,667.0,728.0,61.0,62
699,41,49,699.0,730.0,31.0,33
716,18,25,716.0,734.0,18.0,18
675,45,31,675.0,734.0,59.0,59
708,49,6,708.0,734.0,26.0,26
725,4,8,725.0,734.0,9.0,9
678,9,6,678.0,738.0,60.0,62
730,58,51,730.0,739.0,9.0,8
720,2,9,720.0,739.0,19.0,20
684,37,29,684.0,740.0,56.0,57
714,37,0,714.0,740.0,26.0,26
719,29,39,719.0,740.0,21.0,21
690,45,30,690.0,743.0,53.0,56
704,6,38,704.0,743.0,39.0,39
746,7,6,746.0,748.0,2.0,2
696,23,13,696.0,749.0,53.0,55
700,57,42,700.0,749.0,49.0,50
692,41,16,692.0,750.0,58.0,60
705,18,4,705.0,752.0,47.0,47
722,18,38,722.0,753.0,31.0,31
718,30,57,718.0,753.0,35.0,36
715,42,2,715.0,754.0,39.0,41
727,14,32,727.0,755.0,28.0,31
734,6,16,734.0,756.0,22.0,21
736,13,27,736.0,757.0,21.0,21
729,28,31,729.0,757.0,28.0,30
731,41,58,731.0,760.0,29.0,28
745,40,52,745.0,760.0,15.0,15
761,30,27,761.0,765.0,4.0,4
755,29,35,755.0,765.0,10.0,9
756,37,39,756.0,768.0,12.0,11
749,54,59,749.0,769.0,20.0,20
710,30,22,710.0,772.0,62.0,61
701,46,31,701.0,773.0,72.0,76
724,13,52,724.0,773.0,49.0,50
766,47,41,766.0,774.0,8.0,7
728,8,16,728.0,776.0,48.0,47
717,34,26,717.0,778.0,61.0,65
733,59,16,733.0,780.0,47.0,46
737,39,14,737.0,780.0,43.0,44
735,24,55,735.0,782.0,47.0,50
758,58,15,758.0,782.0,24.0,24
744,58,26,744.0,784.0,40.0,39
764,19,30,764.0,784.0,20.0,22
721,55,41,721.0,784.0,63.0,65
753,34,0,753.0,785.0,32.0,31
754,20,40,754.0,786.0,32.0,31
740,26,57,740.0,788.0,48.0,50
752,22,51,752.0,789.0,37.0,38
763,40,50,763.0,790.0,27.0,29
760,17,28,760.0,790.0,30.0,30
750,59,34,750.0,790.0,40.0,40
769,28,31,769.0,791.0,22.0,22
786,8,4,786.0,791.0,5.0,5
774,21,25,774.0,791.0,17.0,19
738,22,2,738.0,791.0,53.0,55
781,8,10,781.0,796.0,15.0,15
792,49,45,792.0,798.0,6.0,7
739,24,6,739.0,799.0,60.0,65
796,9,5,796.0,800.0,4.0,5
741,11,55,741.0,803.0,62.0,61
767,18,26,767.0,805.0,38.0,41
784,41,49,784.0,805.0,21.0,21
748,30,12,748.0,806.0,58.0,63
778,15,25,778.0,806.0,28.0,27
770,51,4,770.0,808.0,38.0,38
751,55,39,751.0,809.0,58.0,59
773,15,34,773.0,809.0,36.0,36
762,40,15,762.0,810.0,48.0,52
757,38,0,757.0,810.0,53.0,53
765,16,43,765.0,811.0,46.0,48
803,57,3,803.0,811.0,8.0,7
747,34,28,747.0,811.0,64.0,65
776,29,2,776.0,814.0,38.0,40
793,44,55,793.0,815.0,22.0,22
775,49,14,775.0,815.0,40.0,40
788,26,43,788.0,817.0,29.0,28
759,51,48,759.0,819.0,60.0,64
794,7,33,794.0,824.0,30.0,31
789,5,35,789.0,824.0,35.0,37
820,43,46,820.0,827.0,7.0,6
787,57,34,787.0,829.0,42.0,48
812,54,3,812.0,830.0,18.0,18
798,39,7,798.0,831.0,33.0,33
795,1,34,795.0,831.0,36.0,40
772,21,10,772.0,832.0,60.0,62
813,44,1,813.0,833.0,20.0,20
828,43,44,828.0,833.0,5.0,4
825,27,15,825.0,836.0,11.0,13
801,14,35,801.0,836.0,35.0,38
777,12,2,777.0,838.0,61.0,61
809,1,36,809.0,841.0,32.0,36
791,47,28,791.0,841.0,50.0,52
807,16,40,807.0,843.0,36.0,37
835,56,0,835.0,843.0,8.0,7
783,27,26,783.0,843.0,60.0,60
834,37,43,834.0,844.0,10.0,9
800,24,53,800.0,844.0,44.0,48
840,29,33,840.0,845.0,5.0,5
817,53,22,817.0,850.0,33.0,36
785,14,4,785.0,850.0,65.0,67
815,25,45,815.0,856.0,41.0,47
832,48,5,832.0,857.0,25.0,26
806,35,20,806.0,858.0,52.0,52
810,15,51,810.0,858.0,48.0,51
802,21,1,802.0,860.0,58.0,61
831,42,12,831.0,860.0,29.0,31
851,19,11,851.0,861.0,10.0,9
836,33,34,836.0,861.0,25.0,26
845,45,3,845.0,864.0,19.0,19
799,46,44,799.0,865.0,66.0,73
833,42,12,833.0,866.0,33.0,33
863,36,38,863.0,867.0,4.0,3
819,57,33,819.0,867.0,48.0,49
846,43,4,846.0,869.0,23.0,22
826,3,40,826.0,870.0,44.0,44
829,25,48,829.0,871.0,42.0,48
861,15,19,861.0,871.0,10.0,9
850,36,47,850.0,872.0,22.0,22
847,53,10,847.0,873.0,26.0,26
859,52,45,859.0,874.0,15.0,14
852,45,47,852.0,874.0,22.0,21
827,52,34,827.0,875.0,48.0,49
839,16,41,839.0,876.0,37.0,38
872,9,11,872.0,876.0,4.0,3
858,18,28,858.0,878.0,20.0,19
824,18,1,824.0,879.0,55.0,60
816,16,5,816.0,879.0,63.0,66
868,37,43,868.0,880.0,12.0,13
869,32,34,869.0,883.0,14.0,13
870,14,22,870.0,884.0,14.0,15
830,13,53,830.0,884.0,54.0,55
822,27,14,822.0,885.0,63.0,66
811,25,18,811.0,885.0,74.0,78
821,54,46,821.0,885.0,64.0,65
842,2,31,842.0,888.0,46.0,46
841,2,45,841.0,888.0,47.0,48
849,54,24,849.0,893.0,44.0,45
865,55,9,865.0,895.0,30.0,29
843,15,51,843.0,896.0,53.0,55
854,20,50,854.0,897.0,43.0,43
896,12,9,896.0,900.0,4.0,4
874,43,5,874.0,900.0,26.0,25
898,52,53,898.0,901.0,3.0,2
894,34,29,894.0,901.0,7.0,6
837,49,47,837.0,902.0,65.0,67
877,46,5,877.0,902.0,25.0,24
886,53,4,886.0,903.0,17.0,16
848,41,28,848.0,903.0,55.0,56
871,41,5,871.0,906.0,35.0,35
881,19,45,881.0,910.0,29.0,31
856,52,24,856.0,912.0,56.0,57
857,54,35,857.0,912.0,55.0,58
855,3,44,855.0,915.0,60.0,62
860,53,26,860.0,917.0,57.0,58
890,24,39,890.0,918.0,28.0,30
889,58,13,889.0,918.0,29.0,28
916,17,14,916.0,921.0,5.0,6
892,14,35,892.0,921.0,29.0,28
887,51,19,887.0,922.0,35.0,35
918,27,25,918.0,922.0,4.0,3
885,25,49,885.0,922.0,37.0,39
867,15,8,867.0,923.0,56.0,62
906,59,2,906.0,923.0,17.0,18
880,42,0,880.0,923.0,43.0,43
866,22,13,866.0,924.0,58.0,60
891,24,43,891.0,924.0,33.0,36
922,7,6,922.0,925.0,3.0,2
895,16,30,895.0,925.0,30.0,33
864,1,43,864.0,926.0,62.0,63
873,37,17,873.0,926.0,53.0,55
878,17,10,878.0,929.0,51.0,58
876,34,17,876.0,932.0,56.0,62
912,38,57,912.0,934.0,22.0,22
910,58,8,910.0,935.0,25.0,25
930,3,59,930.0,936.0,6.0,5
933,35,33,933.0,936.0,3.0,3
893,9,45,893.0,938.0,45.0,45
884,55,52,884.0,940.0,56.0,58
904,30,42,904.0,941.0,37.0,37
913,12,21,913.0,941.0,28.0,28
902,24,44,902.0,941.0,39.0,41
927,9,16,927.0,942.0,15.0,14
938,8,5,938.0,942.0,4.0,4
882,20,15,882.0,944.0,62.0,64
879,49,37,879.0,944.0,65.0,67
931,16,19,931.0,947.0,16.0,16
888,20,16,888.0,951.0,63.0,65
905,49,28,905.0,952.0,47.0,48
897,8,46,897.0,959.0,62.0,65
911,20,42,911.0,959.0,48.0,49
950,24,31,950.0,959.0,9.0,8
908,16,2,908.0,964.0,56.0,61
925,33,11,925.0,964.0,39.0,41
899,37,22,899.0,965.0,66.0,70
915,52,35,915.0,966.0,51.0,50
936,54,22,936.0,967.0,31.0,31
929,15,49,929.0,968.0,39.0,39
926,11,47,926.0,968.0,42.0,43
907,25,10,907.0,968.0,61.0,66
954,34,40,954.0,969.0,15.0,17
937,51,22,937.0,971.0,34.0,36
923,57,31,923.0,972.0,49.0,49
959,32,41,959.0,974.0,15.0,16
920,48,35,920.0,974.0,54.0,54
914,27,15,914.0,975.0,61.0,63
946,50,10,946.0,976.0,30.0,31
944,4,22,944.0,977.0,33.0,35
968,27,34,968.0,977.0,9.0,10
973,33,34,973.0,979.0,6.0,6
952,53,4,952.0,981.0,29.0,30
942,33,58,942.0,983.0,41.0,42
951,46,57,951.0,983.0,32.0,34
928,22,18,928.0,988.0,60.0,61
958,12,26,958.0,988.0,30.0,31
975,36,42,975.0,991.0,16.0,15
934,10,2,934.0,992.0,58.0,61
965,5,16,965.0,992.0,27.0,28
943,6,41,943.0,992.0,49.0,48
961,31,1,961.0,993.0,32.0,35
992,47,45,992.0,994.0,2.0,3
962,14,39,962.0,997.0,35.0,36
935,8,3,935.0,999.0,64.0,64
940,31,26,940.0,1000.0,60.0,60
956,19,47,956.0,1000.0,44.0,45
980,3,16,980.0,1001.0,21.0,20
977,53,58,977.0,1002.0,25.0,24
969,2,10,969.0,1004.0,35.0,35
991,13,15,991.0,1006.0,15.0,17
971,39,8,971.0,1006.0,35.0,36
953,13,51,953.0,1006.0,53.0,55
945,51,46,945.0,1008.0,63.0,66
996,42,36,996.0,1008.0,12.0,13
982,59,19,982.0,1008.0,26.0,25
966,3,29,966.0,1008.0,42.0,43
941,36,26,941.0,1009.0,68.0,67
957,52,40,957.0,1010.0,53.0,57
986,56,2,986.0,1013.0,27.0,27
960,49,33,960.0,1014.0,54.0,53
981,41,58,981.0,1018.0,37.0,38
976,47,18,976.0,1020.0,44.0,46
978,51,15,978.0,1021.0,43.0,45
967,7,34,967.0,1021.0,54.0,56
963,38,23,963.0,1023.0,60.0,60
984,46,16,984.0,1025.0,41.0,41
974,32,18,974.0,1025.0,51.0,51
997,20,41,997.0,1026.0,29.0,28
989,44,11,989.0,1029.0,40.0,40
998,37,59,998.0,1037.0,39.0,41
979,45,23,979.0,1039.0,60.0,61
987,23,14,987.0,1040.0,53.0,54
995,27,6,995.0,1042.0,47.0,50
985,31,18,985.0,1042.0,57.0,58
988,29,21,988.0,1049.0,61.0,61
993,35,20,993.0,1052.0,59.0,60
994,31,27,994.0,1061.0,67.0,67
999,40,28,999.0,1068.0,69.0,71
